{
  "label_xtre": "xtre",
  "label_finance": "finance",
  "label_expense": "expense",
  "label_documents": "documents",
  "label_timesheet": "timesheet",
  "label_pricing": "pricing",
  "label_report": "report",
  "label_notifications": "notifications",
  "label_settings": "settings",
  "label_customer": "Customer",
  "label_closex": "Close",
  "label_see-all": "See all",
  "label_invoices": "Invoices",
  "label_reports": "Reports",
  "label_accounting": "Accounting",
  "label_resource_management": "Resource Management",
  "label_ode_period": "ODE Period",
  "label_date": "Date",
  "label_page": "Page",
  "label_title": "Title",
  "label_period_close": "Periad Close",
  "label_related_person": "Related Person",
  "label_info": "ınfo",
  "label_add_resource": "Add Resource",
  "label_people": "people",
  "label_time_unit": "Time Unit",
  "label_wbs_code": "WBS Code",
  "label_institution": "Institution",
  "label_new_expense": "New Expense",
  "label_timesheet-add": "Add Timesheet",
  "label_month": "Month",
  "label_quarter-to-date": "Quarter to Date",
  "label_year-to-date": "Year to Date",
  "label_annual-leave-balance": "Annual Leave Balance",
  "label_chargeability": "Chargeability",
  "label_days": "days",
  "label_status": "Status",
  "label_used": "Used",
  "label_remaning": "Remaining",
  "label_sunday": "sun",
  "label_monday": "mon",
  "label_tuesday": "tue",
  "label_wednesday": "wed",
  "label_thursday": "thu",
  "label_friday": "fri",
  "label_saturday": "sat",
  "label_total": "Total",
  "label_add-row": "Add Row",
  "label_submit": "Submit",
  "label_login": "Login",
  "label_forgot-password": "Forgot Password",

  "label_name": "Username",
  "label_enterprisename": "Enterprise Name",
  "label_password": "Password",
  "label_language": "Language",
  "label_no_text": "No",
  "label_yes_text": "Yes",
  "label_excel_export": "Excel Export",

  "operation_success": "Your job is complete.",
  "operation_failed": "Your job is not complete.",
  "approve_update": "Your information will be updated, do you confirm?",
  "approve_delete": "Are you sure you want to delete?",
  "wrong_captcha": "You entered the captcha code incorrectly. Please try again.",
  "role_cannot_be_deleted": "The role cannot be deleted because there are users in the role you want to delete.",
  "passwords_does_not_match": "Passwords did not matched.",
  "fill_empty_fields": "*You must fill the red bordered fields.",
  "password_requirements_not_match": "The password does not meet the requirements.",
  "wbs_lenght_warning": "*WBS must be 14 characters.",
  "date_must_be_big": "End date must be bigger than start date.",

  "client_management_code_length_validaitons": "Code length must be three characters",
  "client_management_tax_length_validaitons": "Tax number length must be ten characters",
  "company_management_code_length_validaitons": "Company code length must be four characters",
  "resource_management_empty_areas": "User name, name, surname, work force, work place and level areas must be entered",
  "resource_management_wrong_format_username": "Username format is wrong. Ex: mehmet.karli",
  "resource_management_cant_update_username": "Username area can't be edited.",
  "masraf_search_empty_client": "You must select one client",
  "cannot_be_less_end_data": "The end date cannot be older than the current end date.",
  "forecast_empty_array_update": "There is no changed cell found.",

  "transaction_code": "Tracking Code: ",
  "error_400": "You sent a request that the server could not understand.",
  "error_401": "Authorization Required.",
  "error_403": "You are not authorized to perform this operation.",
  "error_500": "Server could not respond.",
  "error_10001": "Wrong user name or e-mail.",
  "error_10101": "User could not fe found.",
  "error_10102": "User already exist that has the same e-mail.",
  "error_10201": "Company could not fe found.",
  "error_10202": "Company already exist that has the same e-mail.",
  "error_10103": "The registered user with the email you entered is inactive.",
  "error_11101": "Client adding operation is failed",
  "error_11103": "Client editing operation is failed",
  "error_11105": "Can't be created clients with same client codes. Please retry!",
  "error_11201": "Resource adding operation is failed",
  "error_11203": "Resource editing operation is failed",
  "error_11205": "Can't be created resources with same user name.",
  "error_11206": "Can't be created resources with same user mail.",
  "error_11605": "Can't be created companies with same codes. Please retry!",
  "error_10104": "The activation email has been used or has expired.",
  "error_20000": "File upload failed.",
  "error_20002": "There is an assigned active user",
  "error_20003": "The file of this record could not be copied.",
  "error_30000": "Oluşturmak istediğiniz taslak mevcutta bulunmaktadır. Güncellemeleriniz için taslak listesine gidiniz.",
  "error_30001": "Bu kriterlere sahip taslak mevcutta bulunmamaktadır. Eklemek için taslak yönetim ekranına gidiniz.",
  "error_40001": "Your mail could not be sent.",

  "label_ok": "Ok",
  "label_save": "Save",
  "label_clear_form": "Clear Form",
  "label_user_delete": "User Delete",
  "label_active": "Active",
  "label_passive": "Passive",
  "label_draft": "Draft",
  "label_savechanges": "Save Changes",
  "label_close": "Close",
  "label_cancel": "Cancel",
  "label_new": "New",
  "label_required_field": "Required field. ",
  "label_wrong_email_format": "Wrong e-mail format.",
  "label_wrong_phone_format": "Wrong phone format.",
  "label_email": "E-mail",
  "label_confirm_password": "Confirm Password",
  "label_country": "Country",
  "label_city": "City",
  "label_address": "Address",
  "label_industry": "Industry",
  "label_phone": "Phone Number",
  "label_search": "Search",
  "label_upload": "Upload",
  "label_leftmenu_dashboard": "HomePage",
  "label_leftmenu_settings": "Settings",
  "label_leftmenu_project": "Project",
  "label_leftmenu_client_management": "Client Management",
  "label_leftmenu_user_management": "User Management",
  "label_leftmenu_resource_management": "Resource Management",
  "label_leftmenu_project_management": "Project Management",
  "label_leftmenu_invoice_management": "Invoice Management",
  "label_leftmenu_project_request": "Project Request",
  "label_leftmenu_invoice_ode": "Ode",
  "label_leftmenu_payment": "Accounting",
  "label_leftmenu_masraf": "Cost Entrance",
  "label_leftmenu_invoice_payment": "Invoice Payment Entry",
  "label_navbar_search": "Type something...",
  "label_leftmenu_reports": "Reports",
  "label_leftmenu_masraf_reports": "Cost Reports",
  "label_leftmenu_invoice_reports": "Invoice Reports",
  "label_leftmenu_payroll_reports": "Payroll Reports",
  "label_leftmenu_forecasts": "Forecast",
  "label_leftmenu_subcompanymanagement": "SubCompany Management",
  "label_navbar_logout": "Log out",
  "label_navbar_logout_confirm": "Are you sure you want to log out?",
  "label_home_welcome": "Welcome to DefineX Template Application...",
  "label_authentication_login_captcha_verification": "Please verify captcha",
  "label_authentication_login": "Log in",
  "label_authentication_register": "Register",
  "label_authentication_login_dont_have_account": "Don't have an account.",
  "label_authentication_login_forget_password": "Forget your password?",
  "label_authentication_register_company_name": "Company Name",
  "label_authentication_register_company_email": "Şirket Mail Adresi",
  "label_authentication_register_company_address": "Company Address",
  "label_authentication_register_user_name": "Name",
  "label_authentication_register_user_surname": "Surname",
  "label_authentication_register_email": "E-Mail Address",
  "label_authentication_change_password": "Change Password",
  "label_authentication_password_requirement": "Password Requirements",
  "label_authentication_password_requirement_description": "Your password must include with the following requirements.",
  "label_authentication_password_requirement_at_least_eight_character": "At least 8 character",
  "label_authentication_password_requirement_at_least_max_fifteen_character": "Max 15 character",
  "label_authentication_password_requirement_at_least_one_special_character": "At least 1 special character",
  "label_authentication_password_requirement_at_least_one_number": "At least 1 number",
  "label_authentication_password_requirement_at_least_one_capital_letter": "At least 1 upper character",
  "label_authentication_password_requirement_at_least_one_small_letter": "At least 1 small character",
  "label_authentication_register_already_have_account": "Already have account.",
  "label_authentication_register_sucess_message": "Thank You! \n\n We received your request. \n\n You can log in by confirming your account via the link sent to your e-mail address.",
  "label_authentication_forgot_sucess_message": "Thank You! \n\n Renewal request has been recieved. \n\n You can set your password by clicking the link sent to your e-mail address.",
  "label_authentication_register_complete_message": "Thank you! \n\n Activation completed successfully. \n\n You can go to the login screen by clicking the button below.",
  "label_authentication_forgot_complete_message": "Thank you! \n\n Password change has been successfully completed.\n\n You can go to the login screen by clicking the button below.",
  "label_authentication_forgot_send": "Submit my password ",
  "label_company_company_information": "Company Information",
  "label_company_company_information_contact": "Contact",
  "label_company_company_information_edit_title": "Update Company Information",
  "label_company_company_information_name": "Company Name",
  "label_company_company_information_description": "Description",
  "label_company_company_information_email": "Company E-mail",
  "label_company_company_information_address": "Address",
  "label_company_company_information_contact_name": "Contact Name",
  "label_company_company_users": "Users",
  "label_company_company_users_new_user": "New User",
  "label_company_user_email": "User Name",
  "label_company_user_password": "Password",
  "label_company_user_name": "Name",
  "label_company_user_surname": "Surname",
  "label_roles": "Roles",
  "label_users": "Users",
  "label_role_not_found": "Role Not Found",
  "label_user_not_found": "User Not Found",
  "label_management": "Management ",
  "label_management_users_new_user": "New User",
  "label_management_users_edit_user": "Edit User",
  "label_management_users_new_role": "New Role",
  "label_management_users_edit_role": "Edit Role",
  "label_management_user_name": "Name",
  "label_management_user_surname": "Surname",
  "label_management_user_name_surname": "Name Surname",
  "label_management_user_username": "User Name",
  "label_management_user_usertype": "User Type",
  "label_management_user_result": "Results",
  "label_management_role_name": "Role Name",
  "label_management_role_description": "Description",
  "label_Name_Surname": "Name Surname",
  "label_UserName": "User Name",
  "label_UserType": "User Type",
  "label_Statu": "Statu",
  "label_Actions": "Action",
  "label_Verification_Link_notActive": "The link that you have clicked, is expired.",
  "label_select_file": "Please select a file",
  "label_file_upload_success": "File upload completed successfully.",
  "label_file_upload_list": "<strong>Document List</strong><br/>",

  "label_correspondence_search": "Search",
  "label_clear": "Clear",
  "label_remember_me": "Remember Me!",
  "label_confirm": "Confirm",
  "label_choose": "Choose",
  "label_data_no_found": "Data not found",

  "label_client_management": "Client Management",
  "label_client_management_table_code": "Code",
  "label_client_management_table_description": "Description",
  "label_client_management_table_group": "Customer Group",
  "label_client_management_table_name": "Customer Name",
  "label_client_management_table_short_name": "Customer Short Name",
  "label_client_management_table_address": "Address",
  "label_client_management_table_tax_number": "Tax Number",
  "label_client_management_table_financial_mail": "Financial Responsible Email",
  "label_client_management_table_project_mail": "Project Responsible Email",

  "label_user_management_user_info": "User Info",
  "label_user_management_privileges": "Privileges",
  "label_user_management_projects": "Projects",
  "label_assigning_users_to_the_project": "Assigning Users to the Project",
  "label_project_user_role_assignment": "Project User - Role Assignment",
  "label_user_project_roles": "Projects - Roles",
  "label_user_management_wbs": "WBS",

  "label_resource_management_search_with_name": "Search with Username",
  "label_resource_management_personal_info": "Personal Info",
  "label_resource_management_financial_info": "Financial Info",
  "label_resource_management_lcr": "LCR",
  "label_resource_management_chargeability": "Chargeability",
  "label_resource_management_work_force": "Work Force",
  "label_resource_management_work_place": "Work Place",
  "label_resource_management_career_track": "Career Track",
  "label_resource_management_practice_area": "Practice Area",
  "label_resource_management_level": "Level",
  "label_resource_management_manager": "Manager",
  "label_resource_management_job_start_date": "Job Start Date",
  "label_resource_management_job_end_date": "Job End Date",

  "label_project_management_project_info": "Project Info",
  "label_project_management_client": "Client",
  "label_project_management_project_name": "Project Name",
  "label_project_management_start_date": "Start Date",
  "label_project_management_end_date": "End Date",
  "label_project_management_cal": "CAL",
  "label_project_management_forecast_approver": "Forecast Approver",
  "label_project_management_managers": "Managers",
  "label_project_management_delivery_lead": "Delivery Lead",
  "label_project_management_dl_start_date": "DL Start Date",
  "label_project_management_project_type": "Project Type",
  "label_project_management_status": "Status",
  "label_project_management_currency": "Currency",
  "label_project_management_lba": "LBA",
  "label_project_management_wbs": "WBS",
  "label_project_management_myt_open": "Myt Open",
  "label_project_management_expense_open": "Expense Open",
  "label_project_management_wbs_description": "WBS Description",
  "label_project_management_tow": "ToW (Engagement Type)",
  "label_project_management_cap": "CAP Info",
  "label_project_management_cap_rate": "CAP Rate",
  "label_project_management_payment_info": "Payment Info",
  "label_project_management_assign_wbs": "Assign WBS",
  "label_project_management_pricing_engine": "Pricing Engine",
  "label_project_management_rate_info": "Rate Info",
  "label_project_management_rate_info_id": "ID",
  "label_project_management_rate_info_level": "Level",
  "label_project_defining_access_aut": "Defining Project Access Authorization",
  "label_project_management_observer": "Observer",

  "label_invoice_management_period": "Period",
  "label_invoice_management_new_invoice": "Create New Invoice",
  "label_invoice_management_new_invoice_payment_date": "Payment Date",
  "label_invoice_management_new_invoice_to_invoice": "To Invoice",
  "label_invoice_management_new_invoice_title": "Invoice Title",
  "label_invoice_management_new_invoice_desc": "Description",
  "label_invoice_management_new_invoice_draft": "Draft",

  "label_payment_invoice_no": "Invoice No",
  "label_payment_invoice_date": "Invoice Date",
  "label_payment_invoice_amount": "Amount",
  "label_payment_invoice_kdv_amount": "KDV Amount",
  "label_payment_invoice_amount_paid": "Amount Paid",
  "label_payment_invoice__actual_payment_date": "Actual Payment Date",
  "label_payment_invoice_status": "Status",
  "label_payment_invoice_type": "Invoice Type",
  "label_payment_invoice_prepayment": "Associated Prepayment",
  "label_payment_invoice_to": "To Invoice",
  "label_payment_invoice_title": "Invoice Title",
  "label_payment_invoice_desc": "Description",

  "label_invoice_management": "Invoice Management",
  "label_payment_invoice": "Invoice Payment Entry",

  "label_table_column_actions": "Actions",

  "label_project_management_table_column_id": "Id",
  "label_project_management_table_column_project": "Project",
  "label_project_management_table_column_wbs": "WBS",
  "label_project_management_table_columns_statu": "Statu",
  "label_project_management_table_columns_project_type": "Project Type",
  "label_project_management_table_columns_start_date": "Start Date",
  "label_project_management_table_columns_end_date": "End Date",
  "label_project_management_table_columns_cal": "CAL",
  "label_project_management_table_columns_forecast_approver": "Forecast Onaylayan",
  "label_project_management_table_columns_currency": "Currency",
  "label_project_management_table_columns_managers": "Managers",
  "label_project_management_table_columns_myt": "Myt Açık",
  "label_project_management_table_columns_expense": "Expense Açık",
  "label_project_management_table_columns_delivery_lead": "Delivery Lead",
  "label_project_management_table_columns_dl_date": "DL Tarih",
  "label_project_management_table_columns_lba": "LBA",
  "label_project_management_table_columns_lba_time_period": "LBA Time Period",

  "label_invoice_management_table_column_invoice_no": "Invoice No",
  "label_invoice_management_table_column_invoice_date": "Invoice Date",
  "label_invoice_management_table_column_invoice_amount": "Amount",
  "label_invoice_management_table_column_invoice_wbs": "WBS",
  "label_invoice_management_table_column_invoice_kdv_amount": "KDV Amount",
  "label_invoice_management_table_column_invoice_kdv_rate": "KDV Rate",
  "label_invoice_management_table_column_invoice_currency": "Currency",
  "label_invoice_management_table_column_invoice_estimated_payment_date": "Estimated Payment Date",
  "label_invoice_management_table_column_invoice_actual_payment_date": "Actual Payment Date",
  "label_invoice_management_table_column_invoice_status": "Statu",
  "label_invoice_management_table_column_invoice_type": "Invoice Type",
  "label_invoice_management_table_column_invoice_payment_id": "Payment Id",

  "label_virtual_wbs_table_column_id": "Id",
  "label_virtual_wbs_table_column_wbs": "WBS",
  "label_virtual_wbs_table_column_status": "Status",
  "label_virtual_wbs_table_column_definition": "Definition",
  "label_virtual_wbs_table_column_myt_open": "MyT Open",
  "label_virtual_wbs_table_column_expense_open": "Expense Open",

  "label_virtual_wbs": "Virtual WBS",

  "label_ode_year": "ODE Year",
  "label_ode_billing": "Billing",
  "label_ode_chargeable_expense": "Chargeable Expense",
  "label_ode_revenue": "Revenue",
  "label_ode_payroll": "Payroll",
  "label_ode_expense": "Expense",
  "label_ode_other": "Other",
  "label_ode_solution_cont": "Solution Cont",
  "label_ode_capital_charge": "Capital Charge",
  "label_ode_cci": "CCI",
  "label_ode_cci_percent": "CCI %",

  "label_button_project_management_project_save": "Create Project",
  "label_button_project_management_project_delete": "Delete Project",
  "label_button_project_management_project_new_virtual_wbs": "New Virtual WBS",
  "label_button_project_management_project_clear_form": "Clear",
  "label_button_payment_invoice_save": "Save",
  "label_button_project_request": "Create Request",

  "label_button_invoice_management_fetch_invoice_pending_payment": "Get Invoice Pending Payment",
  "label_button_ode_save": "Save",

  "label_button_rate_save": "Save",

  "label_masraf_client": "Client",
  "label_masraf_project": "Project",
  "label_masraf_masraf_date": "Cost Date",
  "label_masraf_amount": "Amount",
  "label_masraf_currency": "Currency",
  "label_masraf_kdv": "KDV",
  "label_masraf_masraf_type": "Cost Type",
  "label_masraf_period": "Period",
  "label_masraf_masraf_owner": "Cost Owner",
  "label_masraf_isinvoiceable": "Will be billed",
  "label_masraf_bring_masrafs": "Bring Unoperated Costs",
  "label_masraf_isinvoiceablecustomer": "Will be billed",
  "masraf_date_cant_bebigger": "Cost Date can't be later than now.",
  "masraf_kdv_required": "If cost type is not equal to STAMPTAX and TAXTOKEN, tax area must be selected.",

  "label_home_project_selection": "Project Selection",
  "label_home_project_selection_pasif_project": "Show Passive Projects",

  "label_masraf_report_start_period": "Start Period",
  "label_masraf_report_end_period": "End Period",
  "label_masraf_report_bring": "Bring",
  "label_masraf_report_choose_project": "Choose Project",
  "label_masraf_report_back": "Back",
  "label_masraf_report_all": "All",
  "label_masraf_report_project_confirm": "Confirm Project Selection",
  "label_masraf_report_client_group": "Client Group",
  "label_masraf_report_project_type": "Project Type",
  "label_masraf_report_masraf_group": "Cost Group",
  "label_masraf_report_date": "Date",
  "label_masraf_report_vat_rate": "Tax Rate",
  "label_masraf_report_masraf_period": "Cost Period",
  "label_masraf_report_masraf_operate_period": "Cost Operate Period",
  "label_masraf_report_wbs": "WBS",
  "label_masraf_report_msaraf_id": "Cost Id",
  "label_masraf_report_description": "Description",
  "label_masraf_report_masraf_type": "Cost Type",
  "label_masraf_report_client": "Client",
  "label_masraf_report_project": "Project",
  "label_masraf_report_masraf_owner": "Cost Owner",
  "label_masraf_report_amount": "Amount",
  "label_masraf_report_currrency": "Currency",
  "label_masraf_report_download": "Download Report",

  "label_invoice_report_start_period": "Start Period",
  "label_invoice_report_end_period": "End Period",
  "label_invoice_report_bring": "Bring",
  "label_invoice_report_choose_project": "Choose Project",
  "label_invoice_report_project_confirm": "Confirm Project Selection",
  "label_invoice_report_project": "Project",
  "label_invoice_report_invoice_no": "Invoice No",
  "label_invoice_report_amount": "Amount",
  "label_invoice_report_amount_with_vat": "Amount with Tax",
  "label_invoice_report_currency": "Currency",
  "label_invoice_report_currency_rate": "Exchange Rate",
  "label_invoice_report_vat_rate": "Tax Rate",
  "label_invoice_report_date": "Invoice Date",
  "label_invoice_predictable_payment_date": "Predictable Payment Date",
  "label_invoice_report_status": "Status",
  "label_invoice_report_payment_date": "Payment Date",
  "label_invoice_report_isprocessed": "Is Processed",
  "label_invoice_report_operate_date": "Process Date",
  "label_invoice_report_invoice_period": "Invoice Period",
  "label_invoice_report_wbs": "WBS",
  "label_invoice_report_waiting_paid": "Unpaid",
  "label_invoice_report_paid": "Paid",
  "label_invoice_report_canceled": "Canceled",
  "label_invoice_report_draft": "Draft",
  "label_invoice_report_waiting_invoice": "Waiting for Invoice",

  "label_payroll_report_start_period": "Start Period",
  "label_payroll_report_end_period": "End Period",
  "label_payroll_report_bring": "Bring",
  "label_payroll_report_choose_project": "Choose Project",
  "label_payroll_report_project_confirm": "Confirm Project Selection",
  "label_payroll_report_resource": "Resource",
  "label_payroll_report_reference_resource": "Reference Resource",
  "label_payroll_report_tbd": "TBD",
  "label_payroll_report_period": "Peirod",
  "label_payroll_report_working_hour": "Working Hour",
  "label_payroll_report_lcr": "LCR",
  "label_payroll_report_cost": "Cost",
  "label_payroll_report_wbs": "WBS",
  "label_payroll_report_project": "Project",
  "label_payroll_report_is_happened": "Is it Happen",
  "label_payroll_report_location": "Location",
  "label_payroll_report_career_path": "Career Path",
  "label_payroll_report_practice_area": "Practice Area",
  "label_payroll_report_level": "Level",
  "label_payroll_report_project_type": "Project Type",
  "label_payroll_report_client": "Client",
  "label_payroll_report_client_group": "Client Group",

  "label_forecast": "forecast",
  "label_forecast_create_new": "Create New",
  "label_forecast_copy": "Copy",
  "label_forecast_update": "Update",
  "label_forecast_edit": "Edit",
  "label_forecast_export": "Export",
  "label_forecast_upload": "Upload",
  "label_forecast_resorce_management": "Resource Management",
  "label_forecast_delivery_lead": "Delivery Lead",
  "label_forecast_approval": "Approval",
  "label_forecast_currency": "Currency",
  "label_forecast_ode_period": "ODE Period",
  "label_forecast_choose_forecast": "Choose Forecast",
  "label_forecast_category": "Category",
  "label_forecast_actual": "Actual",
  "label_forecast_etc": "ETC",
  "label_forecast_eac": "EAC",
  "label_forecast_ode": "ODE",
  "label_forecast_delta": "Delta",
  "label_forecast_jan": "Jan",
  "label_forecast_feb": "Feb",
  "label_forecast_mar": "Mar",
  "label_forecast_apr": "Apr",
  "label_forecast_may": "May",
  "label_forecast_jun": "Jun",
  "label_forecast_jul": "Jul",
  "label_forecast_aug": "Aug",
  "label_forecast_sep": "Sep",
  "label_forecast_oct": "Oct",
  "label_forecast_nov": "Nov",
  "label_forecast_dec": "Dec",

  "label_subcompany_maagement": "SubCompany Management",
  "label_subcompany_name": "Company Name",

  "label_project_request_info": "Project Request Info",
  "label_project_request_list": "Waiting For Approval Projects",
  "label_project_request_client": "Client",
  "label_project_request_proje": "Project",
  "label_project_request_is_new_client": "New Customer",
  "label_project_request_new_customer_name": "Customer Name",

  "label_project_permission_list": "Permissions",

  "label_document_id": "Id",
  "label_uploaded_document": "Uploaded Document",
  "label_document_name": "Document Name",
  "label_document_type": "Document Type",
  "label_document_description": "Description",
  "label_document_upload": "Document Upload",

  "label_rate_info": "Rate Info",
  "label_rate_info_id": "Id",
  "label_rate_info_level": "Level",

  "label_wbs_list": "WBS List",
  "label_document_list": "Document List",

  "label_button_save_changes": "Save Changes",

  "label_masraf_create_form": "Create Form",
  "label_masraf_wbs": "WBS",
  "label_masraf_form_no": "Form No",

  "label_masraf_categori": "Categori",
  "label_masraf_kdv_rate": "VAT Rate",
  "label_masraf_amount_with_kdv": "Amount With VAT",
  "label_masraf_date": "Cost Date"
}
