{
  "label_xtre": "xtre",
  "label_finance": "finans",
  "label_expense": "masraf",
  "label_documents": "dökümanlar",
  "label_timesheet": "timesheet",
  "label_pricing": "pricing",
  "label_report": "rapor",
  "label_notifications": "bildirimler",
  "label_settings": "ayarlar",
  "label_customer": "Müşteri",
  "label_closex": "Kapat",
  "label_see-all": "Tümünü gör",
  "label_invoices": "Faturalar",
  "label_reports": "Raporlar",
  "label_accounting": "Muhasebe",
  "label_resource_management": "Kaynak Yönetimi",
  "label_ode_period": "ODE Dönem",
  "label_date": "Tarih",
  "label_page": "Sayfa",
  "label_abouth": "İlgili",
  "label_title": "Başlık",
  "label_period_close": "Dönem Kapanış",
  "label_vatAmount": "KDV’li Tutar",
  "label_sort": "Sırala",
  "label_related_person": "İlgili Kişi",
  "label_info": "Bilgi",
  "label_add_resource": "Kaynak Ekle",
  "label_people": "Kişiler",
  "label_time_unit": "Zaman Birimi",
  "label_wbs_code": "WBS Kodu",
  "label_institution": "Kurum",
  "label_new_expense": "Yeni Masraf",
  "label_timesheet-add": "Timesheet Girişi",
  "label_month": "Ay",
  "label_quarter-to-date": "Çeyrekten Tarihe",
  "label_year-to-date": "Yıldan Güne",
  "label_annual-leave-balance": "Yıllık İzin Bakiyesi",
  "label_chargeability": "Chargeability",
  "label_days": "gün",
  "label_status": "Durum",
  "label_used": "Kullanılan",
  "label_remaning": "Kalan",
  "label_sunday": "paz",
  "label_monday": "pzt",
  "label_tuesday": "sal",
  "label_wednesday": "çar",
  "label_thursday": "per",
  "label_friday": "cum",
  "label_saturday": "cmt",
  "label_total": "Toplam",
  "label_add-row": "Sıra Ekle",
  "label_submit": "Gönder",
  "label_login": "Giriş yap",
  "label_forgot-password": "Şifremi unuttum",

  "label_name": "Kullanıcı Adı",
  "label_enterprisename": "Kurumsal Adı",
  "label_password": "Şifre",
  "label_language": "Dil",
  "label_no_text": "Hayır",
  "label_yes_text": "Evet",
  "label_excel_export": "Excel İndir",

  "operation_success": "İşleminiz tamamlandı.",
  "operation_failed": "İşleminiz tamamlanamadı.",
  "approve_update": "bilgileri güncellenecektir , onaylıyor musunuz?",
  "approve_delete": "Silmek istediğinize emin misiniz?",
  "wrong_captcha": "Captcha kodunu hatalı girdiniz. Lütfen tekrar deneyiniz.",
  "role_cannot_be_deleted": "Silmek istediğiniz rolde kullanıcılar bulunduğu için rol silinemez.",
  "passwords_does_not_match": "Girdiğiniz şifreler eşleşmemektedir.",
  "fill_empty_fields": "*Kırmızı alanları doldurmanız gerekmektedir.",
  "password_requirements_not_match": "Şifre gereksinimleri karşılamıyor.",
  "wbs_lenght_warning": "*WBS 14 karakter olmalıdır.",
  "date_must_be_big": "Bitiş tarihi başlangıç tarihinden büyük olmalıdır.",

  "client_management_code_length_validaitons": "Kod 3 haneli olmak zorundadır.",
  "client_management_tax_length_validaitons": "Vergi numarası 10 haneli olmak zorundadır.",
  "company_management_code_length_validaitons": "Şirket kodu 4 haneli olmak zorundadır.",
  "resource_management_empty_areas": "Kullanıcı adı, ad, soyad, iş gücü, çalışma yeri ve level alanları zorunludur.",
  "resource_management_wrong_format_username": "Kullanıcı adı alanının formatı yanlıştır. Örnek: mehmet.karli",
  "resource_management_cant_update_username": "Kullanıcı adı alanı güncellenemez.",
  "masraf_search_empty_client": "Arama yapabilmek için bir adet müşteri seçmek zorunludur.",
  "cannot_be_less_end_data": "Bitiş tarihi mevcut bitiş tarihinden daha eski olamaz.",
  "forecast_empty_array_update": "Değiştirilmiş hücre bulunamadı.",

  "transaction_code": "Takip Kodu: ",
  "error_400": "İstek sunucu tarafından işlenemiyor.",
  "error_401": "Yetki gerekli.",
  "error_403": "Bu işlemi yapmak için yetkiniz bulunmamaktadır.",
  "error_500": "Sunucu cevap vermiyor.",
  "error_10001": "Kullanıcı e-mail ya da şifre hatalı.",
  "error_10101": "Bu maile ait kullanıcı tanımı bulunamamıştır.",
  "error_10102": "Girdiğiniz email ile kayıtlı kullanıcı sistemde bulunmaktadır.",
  "error_10201": "Bu maile ait şirket bulunamamıştır.",
  "error_10202": "Girdiğiniz email ile kayıtlı şirket sistemde bulunmaktadır.",
  "error_10103": "Girdiğiniz email ile kayıtlı kullanıcı pasif durumdadır.",
  "error_10104": "Aktivasyon maili kullanılmış ya da zaman aşımına uğramış.",
  "error_11101": "Müşteri ekleme operasyonu başarısız.",
  "error_11103": "Müşteri güncelleme operasyonu başarısız.",
  "error_11105": "Mevcutta bu KOD kullanılmaktadır, yeni bir KOD girişi yapınız!",
  "error_11201": "Kaynak ekleme operasyonu başarısız.",
  "error_11203": "Kaynak güncelleme operasyonu başarısız.",
  "error_11205": "Aynı kullanıcı adı ile birden fazla kaynak oluşturulamaz.",
  "error_11206": "Aynı kullanıcı maili ile birden fazla kaynak oluşturulamaz.",
  "error_11605": "Mevcutta bu KOD kullanılmaktadır, yeni bir KOD girişi yapınız!",
  "error_20000": "Dosya yükleme işlemi tamamlanamadı.",
  "error_20002": "Bu kayıdın aktif kullanıcı ataması yapılmış.",
  "error_20003": "Bu kayıdın dosyası kopyalanamadı.",
  "error_30000": "Oluşturmak istediğiniz taslak mevcutta bulunmaktadır. Güncellemeleriniz için taslak listesine gidiniz.",
  "error_30001": "Bu kriterlere sahip taslak mevcutta bulunmamaktadır. Eklemek için taslak yönetim ekranına gidiniz.",
  "error_40001": "Mailiniz gönderilemedi.",

  "label_ok": "Tamam",
  "label_save": "Kaydet",
  "label_clear_form": "Formu Temizle",
  "label_user_delete": "Kullanıcı Sil",
  "label_active": "Aktif",
  "label_passive": "Pasif",
  "label_draft": "Taslak",
  "label_savechanges": "Değişiklikleri Kaydet",
  "label_close": "Vazgeç",
  "label_cancel": "İptal",
  "label_new": "Yeni",
  "label_required_field": "Bu alan zorunludur.",
  "label_wrong_email_format": "Girdiğiniz email adresi yanlış formattadır.",
  "label_wrong_phone_format": "Girilen telefon formatı yanlıştır.",
  "label_email": "E-mail",
  "label_confirm_password": "Şifreyi Tekrar Giriniz",
  "label_country": "Ülke",
  "label_city": "Şehir",
  "label_address": "Adres",
  "label_industry": "Sektör",
  "label_phone": "Telefon Numarası",
  "label_search": "Ara",
  "label_upload": "Yükle",
  "label_leftmenu_dashboard": "Ana Sayfa",
  "label_leftmenu_settings": "Ayarlar",
  "label_leftmenu_project": "Proje",
  "label_leftmenu_client_management": "Müşteri Yönetimi",
  "label_leftmenu_user_management": "Kullanıcı Yönetimi",
  "label_leftmenu_resource_management": "Kaynak Yönetimi",
  "label_leftmenu_project_management": "Proje Yönetimi",
  "label_leftmenu_invoice_management": "Fatura Yönetimi",
  "label_leftmenu_project_request": "Proje Talebi",
  "label_leftmenu_invoice_ode": "Ode",
  "label_leftmenu_payment": "Muhasebe",
  "label_leftmenu_masraf": "Masraf Girişi",
  "label_leftmenu_reports": "Raporlar",
  "label_leftmenu_masraf_reports": "Masraf Raporları",
  "label_leftmenu_invoice_reports": "Fatura Raporları",
  "label_leftmenu_invoice_payment": "Fatura Ödeme Girişi",
  "label_leftmenu_payroll_reports": "Kaynak Çalışma Raporları",
  "label_leftmenu_forecasts": "Tahminleme",
  "label_leftmenu_subcompanymanagement": "Alt Şirket Yönetimi",
  "label_navbar_search": "Arama yap...",
  "label_navbar_logout": "Çıkış",
  "label_navbar_logout_confirm": "Oturumu kapatmak istediğinizden emin misiniz?",
  "label_home_welcome": "DefineX Template uygulamasına hoşgeldiniz...",
  "label_authentication_login_captcha_verification": "Yukarıdaki değerleri giriniz..",
  "label_authentication_login": "Giriş Yap",
  "label_authentication_register": "Kaydol",
  "label_authentication_change_password": "Şifreyi Değiştir",
  "label_authentication_login_dont_have_account": "Bir hasabınız yok mu?",
  "label_authentication_login_forget_password": "Şifreni mi unuttun?",
  "label_authentication_register_company_name": "Şirket Adı",
  "label_authentication_register_company_email": "Şirket Mail Adresi",
  "label_authentication_register_company_address": "Şirket Adresi",
  "label_authentication_register_user_name": "Ad",
  "label_authentication_register_user_surname": "Soyad",
  "label_authentication_register_email": "E-mail Adresiniz",
  "label_authentication_password_requirement": "Şifre Gereksinimleri",
  "label_authentication_password_requirement_description": "Şifreniz aşağıdaki gereksinimlere uygun olmalıdır",
  "label_authentication_password_requirement_at_least_eight_character": "En az 8 karakter",
  "label_authentication_password_requirement_at_least_max_fifteen_character": "En fazla 15 karakter",
  "label_authentication_password_requirement_at_least_one_special_character": "En az 1 özel karakter",
  "label_authentication_password_requirement_at_least_one_number": "En az 1 rakam",
  "label_authentication_password_requirement_at_least_one_capital_letter": "En az 1 büyük harf",
  "label_authentication_password_requirement_at_least_one_small_letter": "En az 1 küçük harf",
  "label_authentication_register_already_have_account": "Zaten bir hesabım var.",
  "label_authentication_register_sucess_message": "Teşekkür ederiz! \n\n Talebinizi aldık. \n\n E-posta adresinize gönderilen bağlantı üzerinden hesabınızı onaylayarak giriş yapabilirsiniz.",
  "label_authentication_forgot_sucess_message": "Teşekkür ederiz! \n\n Yenileme isteğiniz alındı. \n\n E-posta adresinize gönderilen bağlantıya tıklayarak şifrenizi belirleyebilirsiniz.",
  "label_authentication_register_complete_message": "Teşekkür ederiz!\n\n Aktivasyon başarı ile tamamlandı. \n\n Aşağıdaki butona tıklayarak giriş ekranına gidebilirsiniz. ",
  "label_authentication_forgot_complete_message": "Teşekkür ederiz!\n\n Şifre değiştirme başarı ile tamamlandı. \n\n Aşağıdaki butona tıklayarak giriş ekranına gidebilirsiniz.",
  "label_authentication_forgot_send": "Şifremi Gönder",
  "label_company_company_information": "Şirket Bilgileri",
  "label_company_company_information_contact": "İletişim için",
  "label_company_company_information_edit_title": "Şirket Bilgilerini Güncelle",
  "label_company_company_information_name": "Şirket Adı",
  "label_company_company_information_description": "Açıklama",
  "label_company_company_information_email": "Şirket E-maili",
  "label_company_company_information_address": "Adres",
  "label_company_company_information_contact_name": "İletişim Kişisi",
  "label_company_company_users": "Kullanıcılar",
  "label_company_company_users_new_user": "Yeni Kullanıcı",
  "label_company_user_email": "Kullanıcı Adı",
  "label_company_user_password": "Şifre",
  "label_company_user_name": "Ad",
  "label_company_user_surname": "Soyad",
  "label_roles": "Roller",
  "label_users": "Kullanıcılar",
  "label_role_not_found": "Role Bulunamadı",
  "label_user_not_found": "Kullanıcı Bulunamadı",
  "label_management": "Yönetim ",
  "label_management_add_new_user": "Yeni Kullanıcı",
  "label_management_users_new_user": "Yeni Kullanıcı",
  "label_management_users_edit_user": "Kullanıcı Düzenle",
  "label_management_users_new_role": "Yeni Rol",
  "label_management_users_edit_role": "Yeni Rol",
  "label_management_user_name": "Ad",
  "label_management_user_surname": "Soyad",
  "label_management_user_name_surname": "Ad Soyad",
  "label_management_user_username": "Kullanıcı Adı",
  "label_management_user_usertype": "Kullanıcı Tipi",
  "label_management_user_result": "Tüm Sonuçlar",
  "label_management_role_name": "Rol Adı",
  "label_management_role_description": "Açıklama",
  "label_Name_Surname": "Ad Soyad",
  "label_UserName": "Kullanıcı Adı",
  "label_UserType": "Kullanıcı Tipi",
  "label_Statu": "Durum",
  "label_Actions": "Operasyonlar",
  "label_Verification_Link_notActive": "Tıklamış olduğunuz link geçerliliğini yitirmiştir.",
  "label_select_file": "Lütfen Dosya Seçin...",
  "label_file_upload_success": "Dosya yükleme işlemi başarı ile tamamlandı.",
  "label_file_upload_list": "<strong>Dosya Listesi</strong><br/>",

  "label_correspondence_search": "Ara",
  "label_clear": "Temizle",
  "label_remember_me": "Beni Hatırla!",
  "label_confirm": "Onayla",
  "label_choose": "Seçiniz",
  "label_data_no_found": "Veri bulunamadı.",

  "label_client_management": "Müşteri Yönetimi",
  "label_client_management_table_code": "Kod",
  "label_client_management_table_description": "Tanım",
  "label_client_management_table_group": "Müşteri Grubu",
  "label_client_management_table_name": "Müşteri Adı",
  "label_client_management_table_short_name": "Müşteri Kısa Adı",
  "label_client_management_table_address": "Adres",
  "label_client_management_table_tax_number": "Vergi No",
  "label_client_management_table_financial_mail": "Finans Sorumlu Email",
  "label_client_management_table_project_mail": "Proje Sorumlu Email",

  "label_user_management_user_info": "Kullanıcı Bilgileri",
  "label_user_management_privileges": "Yetkiler",
  "label_user_management_projects": "Projeler",
  "label_assigning_users_to_the_project": "Projeye Kullanıcı Atama",
  "label_project_user_role_assignment": "Proje Kullanıcı - Rol Atama",
  "label_user_project_roles": "Projeler - Roller",
  "label_user_management_wbs": "WBS",

  "label_resource_management_search_with_name": "Kullanıcı Adı ile Ara",
  "label_resource_management_personal_info": "Kişisel Bilgiler",
  "label_resource_management_financial_info": "Finansal Bilgiler",
  "label_resource_management_lcr": "LCR",
  "label_resource_management_chargeability": "Ücretlendirilebilirlik",
  "label_resource_management_work_force": "İş Gücü",
  "label_resource_management_work_place": "Çalışma Yeri",
  "label_resource_management_career_track": "Kariyer Yolu",
  "label_resource_management_practice_area": "Pratik Alanı",
  "label_resource_management_level": "Level",
  "label_resource_management_manager": "Müdür",
  "label_resource_management_job_start_date": "İşe Giriş Tarihi",
  "label_resource_management_job_end_date": "İşten Çıkış Tarihi",

  "label_table_column_actions": "Aksiyonlar",

  "label_project_management_project_info": "Proje Bilgileri",
  "label_project_management_client": "Müşteri",
  "label_project_management_project_name": "Proje Adı",
  "label_project_management_start_date": "Başlangıç Tarihi",
  "label_project_management_end_date": "Bitiş Tarihi",
  "label_project_management_cal": "CAL",
  "label_project_management_forecast_approver": "Forecast Onaylayan",
  "label_project_management_managers": "Yöneticiler",
  "label_project_management_delivery_lead": "Delivery Lead",
  "label_project_management_dl_start_date": "DL Başlangıç Tarihi",
  "label_project_management_project_type": "Türü",
  "label_project_management_status": "Durum",
  "label_project_management_currency": "Kur",
  "label_project_management_lba": "LBA",
  "label_project_management_wbs": "WBS",
  "label_project_management_myt_open": "Myt Açık",
  "label_project_management_expense_open": "Expense Açık",
  "label_project_management_wbs_description": "WBS Açıklama",
  "label_project_management_tow": "ToW (Engagement Type)",
  "label_project_management_cap": "CAP Bilgisi",
  "label_project_management_cap_rate": "CAP Oranı",
  "label_project_management_payment_info": "Ödeme Bilgisi",
  "label_project_management_assign_wbs": "WBS Atama",
  "label_project_management_pricing_engine": "Pricing Engine",
  "label_project_management_rate_info": "Rate Bilgisi",
  "label_project_management_rate_info_id": "ID",
  "label_project_management_rate_info_level": "Seviye",
  "label_project_defining_access_aut": "Proje Erişim Yetkisi Tanımlama",
  "label_project_management_observer": "Gözlemci",

  "label_invoice_management_period": "Dönem",
  "label_invoice_management_new_invoice": "Yeni Fatura",
  "label_invoice_management_new_invoice_payment_date": "Ödeme Tarihi",
  "label_invoice_management_new_invoice_to_invoice": "Fatura Kime",
  "label_invoice_management_new_invoice_title": "Fatura Başlık",
  "label_invoice_management_new_invoice_desc": "Açıklama",
  "label_invoice_management_new_invoice_draft": "Taslak",
  "label_invoice_management_proforma_date": "Proforma Tarihi",

  "label_payment_invoice_no": "Fatura No",
  "label_payment_invoice_date": "Fatura Tarihi",
  "label_payment_invoice_amount": "Tutar",
  "label_payment_invoice_kdv_amount": "KDV Tutar",
  "label_payment_invoice_amount_paid": "Ödenen Tutar",
  "label_payment_invoice__actual_payment_date": "Gerçekleşen Ödeme Tarihi",
  "label_payment_invoice_status": "Durum",
  "label_payment_invoice_type": "Fatura Tipi",
  "label_payment_invoice_prepayment": "İlişkili Ön Ödeme",
  "label_payment_invoice_to": "Fatura Kime",
  "label_payment_invoice_title": "Fatura Başlık",
  "label_payment_invoice_desc": "Açıklama",

  "label_invoice_management": "Fatura Yönetimi",
  "label_payment_invoice": "Fatura Ödeme Girişi",

  "label_project_management_table_column_id": "Id",
  "label_project_management_table_column_project": "Proje",
  "label_project_management_table_column_wbs": "WBS",
  "label_project_management_table_columns_statu": "Durum",
  "label_project_management_table_columns_project_type": "Proje Türü",
  "label_project_management_table_columns_start_date": "Başlangıç Tarihi",
  "label_project_management_table_columns_end_date": "Bitiş Tarihi",
  "label_project_management_table_columns_cal": "CAL",
  "label_project_management_table_columns_forecast_approver": "Forecast Approver",
  "label_project_management_table_columns_currency": "Kur",
  "label_project_management_table_columns_managers": "Yöneticiler",
  "label_project_management_table_columns_myt": "Myt Açık",
  "label_project_management_table_columns_expense": "Expense Açık",
  "label_project_management_table_columns_delivery_lead": "Delivery Lead",
  "label_project_management_table_columns_dl_date": "DL Tarih",
  "label_project_management_table_columns_lba": "LBA",
  "label_project_management_table_columns_lba_time_period": "LBA Time Period",

  "label_invoice_management_table_column_invoice_no": "Fatura No",
  "label_invoice_management_table_column_invoice_date": "Fatura Tarihi",
  "label_invoice_management_table_column_invoice_amount": "Tutar",
  "label_invoice_management_table_column_invoice_kdv_amount": "KDV Tutar",
  "label_invoice_management_table_column_invoice_wbs": "WBS",
  "label_invoice_management_table_column_invoice_kdv_rate": "KDV Oran",
  "label_invoice_management_table_column_invoice_currency": "Kur",
  "label_invoice_management_table_column_invoice_estimated_payment_date": "Tahmini Ödeme Tarihi",
  "label_invoice_management_table_column_invoice_actual_payment_date": "Gerçekleşen Ödeme Tarihi",
  "label_invoice_management_table_column_invoice_status": "Durum",
  "label_invoice_management_table_column_invoice_type": "Fatura Tipi",
  "label_invoice_management_table_column_invoice_payment_id": "Bağlı Ödeme Id",

  "label_virtual_wbs_table_column_id": "Id",
  "label_virtual_wbs_table_column_wbs": "WBS",
  "label_virtual_wbs_table_column_status": "Durum",
  "label_virtual_wbs_table_column_definition": "Tanım",
  "label_virtual_wbs_table_column_myt_open": "MyT Açık",
  "label_virtual_wbs_table_column_expense_open": "Expense Açık",

  "label_virtual_wbs": "Sanal WBS",

  "label_ode_year": "ODE Year",
  "label_ode_billing": "Billing",
  "label_ode_chargeable_expense": "Chargeable Expense",
  "label_ode_revenue": "Revenue",
  "label_ode_payroll": "Payroll",
  "label_ode_expense": "Expense",
  "label_ode_other": "Other",
  "label_ode_solution_cont": "Solution Cont",
  "label_ode_capital_charge": "Capital Charge",
  "label_ode_cci": "CCI",
  "label_ode_cci_percent": "CCI %",

  "label_button_project_management_project_save": "Proje Kaydet",
  "label_button_project_management_project_delete": "Proje Sil",
  "label_button_project_management_project_new_virtual_wbs": "Yeni Sanal Wbs",
  "label_button_project_management_project_clear_form": "Temizle",
  "label_button_payment_invoice_save": "Kaydet",
  "label_button_project_request": "Talep Oluştur",

  "label_button_invoice_management_fetch_invoice_pending_payment": "Ödeme Bekleyen Faturaları Getir",
  "label_button_ode_save": "Kaydet",
  "label_button_rate_save": "Kaydet",

  "label_masraf_client": "Müşteri",
  "label_masraf_project": "Proje",
  "label_masraf_masraf_date": "Masraf Tarihi",
  "label_masraf_amount": "Tutar",
  "label_masraf_currency": "Kur",
  "label_masraf_kdv": "KDV",
  "label_masraf_masraf_type": "Masraf Türü",
  "label_masraf_period": "İşlendiği Period",
  "label_masraf_masraf_owner": "Masraf Sahibi",
  "label_masraf_isinvoiceable": "Müşteriye Fatura",
  "label_masraf_bring_masrafs": "İşlenmemiş Faturaları Getir",
  "label_masraf_isinvoiceablecustomer": "Müşteriye Faturalanacak",
  "masraf_date_cant_bebigger": "Masraf tarihi bugünden büyük olamaz.",
  "masraf_kdv_required": "Masraf tipi Damga vergisi veya Tax token değerine eşit değil ise kdv alanını seçmek zorunludur.",

  "label_home_project_selection": "Project Seçimi",
  "label_home_project_selection_pasif_project": "Pasif Projeleri Göster",

  "label_masraf_report_start_period": "Başlangıç Dönemi",
  "label_masraf_report_end_period": "Bitiş Dönemi",
  "label_masraf_report_bring": "Getir",
  "label_masraf_report_choose_project": "Proje Seç",
  "label_masraf_report_back": "Geri",
  "label_masraf_report_all": "Tümü",
  "label_masraf_report_project_confirm": "Proje Seçimini Onayla",
  "label_masraf_report_client_group": "Müşteri Grubu",
  "label_masraf_report_project_type": "Proje Tipi",
  "label_masraf_report_masraf_group": "Masraf Grup",
  "label_masraf_report_date": "Tarih",
  "label_masraf_report_vat_rate": "KDV Oranı",
  "label_masraf_report_masraf_period": "Masraf Dönemi",
  "label_masraf_report_masraf_operate_period": "Masraf İşlenme Dönemi",
  "label_masraf_report_wbs": "WBS",
  "label_masraf_report_msaraf_id": "Masraf Id",
  "label_masraf_report_description": "Açıklama",
  "label_masraf_report_masraf_type": "Masraf Tipi",
  "label_masraf_report_client": "Müşteri",
  "label_masraf_report_project": "Proje",
  "label_masraf_report_masraf_owner": "Masraf Sahibi",
  "label_masraf_report_amount": "Tutar",
  "label_masraf_report_currrency": "Kur",
  "label_masraf_report_download": "Rapor İndir",

  "label_invoice_report_start_period": "Başlangıç Dönemi",
  "label_invoice_report_end_period": "Bitiş Dönemi",
  "label_invoice_report_bring": "Getir",
  "label_invoice_report_choose_project": "Proje Seç",
  "label_invoice_report_project_confirm": "Proje Seçimini Onayla",
  "label_invoice_report_project": "Proje",
  "label_invoice_report_invoice_no": "Fatura No",
  "label_invoice_report_amount": "Tutar",
  "label_invoice_report_amount_with_vat": "KDV'li Tutar",
  "label_invoice_report_currency": "Kur",
  "label_invoice_report_currency_rate": "Kur Oranı",
  "label_invoice_report_vat_rate": "KDV Oranı",
  "label_invoice_report_date": "Fatura Tarihi",
  "label_invoice_predictable_payment_date": "Tahmini Ödeme Tarihi",
  "label_invoice_report_status": "Durum",
  "label_invoice_report_payment_date": "Ödeme Tarihi",
  "label_invoice_report_isprocessed": "İşlendi Mi",
  "label_invoice_report_operate_date": "İşlenme Tarihi",
  "label_invoice_report_invoice_period": "Fatura Dönemi",
  "label_invoice_report_wbs": "WBS",
  "label_invoice_report_waiting_paid": "Ödeme Bekliyor",
  "label_invoice_report_paid": "Ödendi",
  "label_invoice_report_canceled": "İptal Edildi",
  "label_invoice_report_draft": "Taslak",
  "label_invoice_report_waiting_invoice": "Faturalama Bekliyor",

  "label_payroll_report_start_period": "Başlangıç Dönemi",
  "label_payroll_report_end_period": "Bitiş Dönemi",
  "label_payroll_report_bring": "Getir",
  "label_payroll_report_choose_project": "Proje Seç",
  "label_payroll_report_project_confirm": "Proje Seçimini Onayla",
  "label_payroll_report_resource": "Kaynak",
  "label_payroll_report_reference_resource": "Referans Kaynak",
  "label_payroll_report_tbd": "TBD",
  "label_payroll_report_period": "Dönem",
  "label_payroll_report_working_hour": "Çalışma Saati",
  "label_payroll_report_lcr": "LCR",
  "label_payroll_report_cost": "Maliyet",
  "label_payroll_report_wbs": "WBS",
  "label_payroll_report_project": "Proje",
  "label_payroll_report_is_happened": "Gerçekleşti Mi",
  "label_payroll_report_location": "Lokasyon",
  "label_payroll_report_career_path": "Kariyer Yolu",
  "label_payroll_report_practice_area": "Pratik Alanı",
  "label_payroll_report_level": "Level",
  "label_payroll_report_project_type": "Proje Tipi",
  "label_payroll_report_client": "Müşteri",
  "label_payroll_report_client_group": "Müşteri Grubu",

  "label_forecast": "forecast",
  "label_forecast_create_new": "Yeni Oluştur",
  "label_forecast_copy": "Kopyala",
  "label_forecast_update": "Güncelle",
  "label_forecast_edit": "Düzenle",
  "label_forecast_export": "Dışa Aktar",
  "label_forecast_upload": "Döküman Yükle",
  "label_forecast_resorce_management": "Kaynak Yöntemi",
  "label_forecast_delivery_lead": "Teslimat Lideri",
  "label_forecast_approval": "Onaya Gönder",
  "label_forecast_currency": "Para Birimi",
  "label_forecast_ode_period": "ODE Dönem",
  "label_forecast_choose_forecast": "Tahminleme Seç",
  "label_forecast_category": "Kategori",
  "label_forecast_actual": "Gerçek",
  "label_forecast_etc": "ETC",
  "label_forecast_eac": "EAC",
  "label_forecast_ode": "ODE",
  "label_forecast_delta": "Delta",
  "label_forecast_jan": "Oca",
  "label_forecast_feb": "Şub",
  "label_forecast_mar": "Mar",
  "label_forecast_apr": "Nis",
  "label_forecast_may": "May",
  "label_forecast_jun": "Haz",
  "label_forecast_jul": "Tem",
  "label_forecast_aug": "Ağu",
  "label_forecast_sep": "Eyl",
  "label_forecast_oct": "Eki",
  "label_forecast_nov": "Kas",
  "label_forecast_dec": "Ara",

  "label_subcompany_maagement": "Alt Şirket Yönetimi",
  "label_subcompany_name": "Şirket İsmi",

  "label_project_request_info": "Proje Talep Bilgileri",
  "label_project_request_list": "Proje Açılış Talepleri",
  "label_project_request_client": "Müşteri",
  "label_project_request_proje": "Proje",
  "label_project_request_is_new_client": "Yeni Müşteri",
  "label_project_request_new_customer_name": "Müşteri Adı",

  "label_project_permission_list": "Yetkiler",

  "label_document_id": "Id",
  "label_uploaded_document": "Kaydedilen Dökümanlar",
  "label_document_name": "Dosya Adı",
  "label_document_type": "Dosya Tipi",
  "label_document_description": "Açıklama",
  "label_document_upload": "Dosya Yükle",

  "label_rate_info": "Rate Info",
  "label_rate_info_id": "Id",
  "label_rate_info_level": "Level",

  "label_wbs_list": "WBS Listesi",
  "label_document_list": "Dosya Listesi",

  "label_button_save_changes": "Değişiklikleri Kaydet",

  "label_masraf_create_form": "Form Oluştur",
  "label_masraf_wbs": "WBS",
  "label_masraf_form_no": "Form No",

  "label_masraf_categori": "Kategori",
  "label_masraf_kdv_rate": "Kdv Oranı",
  "label_masraf_amount_with_kdv": "Kdv'li Tutar",
  "label_masraf_date": "Masraf Tarihi"
}
